,Station,2016,2017,2018,2019,2020,2021,2022,Average_traffic,Colors,X,Y
0,Acton Town,6274649.0,5731527.0,5794685.0,6186555.0,3568528.0,2902697.0,4931972.0,4159423.4285714286,"0.7920288285714285,0.7920288285714285,1",-0.280251204,51.50274977
1,Aldgate,8009494.0,8459234.0,9218140.0,9956600.0,2775844.0,3525128.0,6902494.0,5833920.0,"0.708304,0.708304,1",-0.075614184,51.51427182
2,Aldgate East,13434630.0,13262408.0,13707738.0,14148654.0,3144899.0,5611130.0,10229488.0,8586331.0,"0.57068345,0.57068345,1",-0.07228712,51.51523341
3,Alperton,3174845.0,2896391.0,2796159.0,2858439.0,2064990.0,1345253.0,2302973.0,2037743.5714285714,"0.8981128214285714,0.8981128214285714,1",-0.299486539,51.54069477
4,Amersham,2360700.0,2215502.0,2130207.0,2350099.0,863361.0,946577.0,1657141.0,1451841.0,"0.92740795,0.92740795,1",-0.607478839,51.67414971
5,Angel,20100806.0,18236123.0,17661269.0,17705761.0,5255371.0,7258744.0,12371592.0,11212694.285714285,"0.4393652857142857,0.4393652857142857,1",-0.105789914,51.53249887
6,Archway,9940993.0,8806365.0,8608964.0,8772643.0,4429802.0,4027456.0,6798862.0,5920584.571428572,"0.7039707714285715,0.7039707714285715,1",-0.135113518,51.56542675
7,Arnos Grove,4645869.0,4372042.0,4263555.0,4436265.0,2340827.0,1963343.0,3299601.0,2953661.8571428573,"0.8523169071428571,0.8523169071428571,1",-0.13351631,51.61634026
8,Arsenal,3012524.0,2671088.0,2651488.0,2768340.0,999026.0,1209093.0,2115609.0,1773520.5714285714,"0.9113239714285715,0.9113239714285715,1",-0.105761988,51.55849877
9,Baker Street,29754860.0,27340420.0,27349471.0,28073310.0,8475976.0,11147642.0,20518901.0,17557960.0,"0.12210200000000004,0.12210200000000004,1",-0.156900356,51.52306125
10,Balham,14637993.0,13584305.0,12706683.0,13064682.0,5241275.0,5356512.0,9216500.0,8452851.0,"0.57735745,0.57735745,1",-0.153207553,51.44332898
11,Barbican,11973122.0,11303155.0,11160091.0,10467974.0,2537108.0,3467856.0,5361855.0,6328291.285714285,"0.6835854357142856,0.6835854357142856,1",-0.097711123,51.52014573
12,Barking,15860320.0,17278582.0,17491858.0,18133350.0,14289887.0,9272519.0,14556327.0,13003217.57142857,"0.34983912142857143,0.34983912142857143,1",0.080863183,51.53945121
13,Barkingside,1633262.0,1543740.0,1557996.0,1575379.0,915270.0,647203.0,1116039.0,1050803.857142857,"0.9474598071428572,0.9474598071428572,1",0.088511014,51.58578596
14,Barons Court,7207423.0,6769847.0,6689966.0,6821846.0,3127255.0,2900237.0,5110605.0,4488536.571428572,"0.7755731714285714,0.7755731714285714,1",-0.213606857,51.49015994
15,Bayswater,4756028.0,4437691.0,4335552.0,4253914.0,1086943.0,1498957.0,3337844.0,2707271.5714285714,"0.8646364214285714,0.8646364214285714,1",-0.188038262,51.51223306
16,Becontree,3545530.0,3458723.0,3477091.0,3461331.0,2756262.0,1759768.0,2674391.0,2512509.4285714286,"0.8743745285714286,0.8743745285714286,1",0.127400321,51.54028854
17,Belsize Park,6482865.0,5926276.0,5811597.0,5679733.0,2769409.0,2609939.0,4592789.0,3912820.4285714286,"0.8043589785714286,0.8043589785714286,1",-0.164232306,51.55042663
18,Bermondsey,11068171.0,10083167.0,9416737.0,9448211.0,4400677.0,4176709.0,6680814.0,6315187.857142857,"0.6842406071428571,0.6842406071428571,1",-0.063651351,51.49794912
19,Bethnal Green,16272340.0,14720488.0,14171711.0,14920047.0,6849607.0,6322604.0,10197951.0,9597486.857142856,"0.5201256571428572,0.5201256571428572,1",-0.055431117,51.52719524
20,Blackfriars,15449362.0,14159864.0,14288212.0,15533461.0,2894042.0,4795990.0,9407136.0,8725529.285714285,"0.5637235357142858,0.5637235357142858,1",-0.103606731,51.51149052
21,Blackhorse Road,8452553.0,8537573.0,9058828.0,9741998.0,6158916.0,4985901.0,8505240.0,6712636.571428572,"0.6643681714285714,0.6643681714285714,1",-0.040996341,51.5869512
22,Bond Street,39528650.0,36853006.0,36165875.0,37487361.0,9682506.0,15694939.0,35413724.0,24471058.714285713,"0,0,1",-0.149332355,51.51380454
23,Borough,5873875.0,5581683.0,5413775.0,5547448.0,1471942.0,2066434.0,3742967.0,3403464.1428571427,"0.8298267928571429,0.8298267928571429,1",-0.093702665,51.501194
24,Boston Manor,2322687.0,2170793.0,2066569.0,2185122.0,1041242.0,879895.0,1493683.0,1405329.142857143,"0.9297335428571428,0.9297335428571428,1",-0.324763574,51.49569638
25,Bounds Green,6615420.0,6057231.0,5749650.0,5990306.0,2953366.0,2509255.0,4147021.0,3915261.285714286,"0.8042369357142857,0.8042369357142857,1",-0.124218963,51.60709056
26,Bow Road,5645547.0,5362773.0,5327619.0,5229778.0,2660676.0,2257180.0,3826239.0,3523466.4285714286,"0.8238266785714286,0.8238266785714286,1",-0.024823747,51.52680025
27,Brent Cross,2493412.0,2392436.0,2396791.0,2406723.0,1348186.0,1071927.0,2037612.0,1664810.7142857143,"0.9167594642857143,0.9167594642857143,1",-0.213455834,51.57680047
28,Brixton,33460967.0,31107666.0,30303976.0,32032655.0,12735503.0,12831056.0,21315288.0,20046592.0,"0,0,1",-0.114635582,51.46258133
29,Buckhurst Hill,2188937.0,2195929.0,1844536.0,1856050.0,862044.0,1072751.0,1681412.0,1358960.2857142857,"0.9320519857142857,0.9320519857142857,1",0.046743856,51.62651733
30,Burnt Oak,4519973.0,4264418.0,4208566.0,4190341.0,2926900.0,1912270.0,3110822.0,2944759.5714285714,"0.8527620214285714,0.8527620214285714,1",-0.264198758,51.6026811
31,Caledonian Road,5725549.0,5426372.0,5226968.0,5603533.0,2343114.0,2421295.0,4179663.0,3600135.0,"0.81999325,0.81999325,1",-0.118312333,51.54842132
32,Camden Town,22884901.0,21239992.0,19628395.0,20499697.0,5509540.0,9118497.0,17335262.0,13333054.714285715,"0.33334726428571426,0.33334726428571426,1",-0.142726149,51.53940352
33,Canada Water,14438625.0,14269588.0,12520167.0,13114503.0,6129616.0,5970317.0,10565973.0,8938594.857142856,"0.5530702571428572,0.5530702571428572,1",-0.049705987,51.49788868
34,Canary Wharf,54785734.0,48576019.0,49813792.0,47685725.0,13355134.0,18288802.0,30684632.0,29772014.85714286,"0,0,1",-0.019431816,51.50355049
35,Canning Town,11913321.0,12574149.0,13345625.0,14826082.0,10546032.0,7522672.0,11594723.0,10058469.0,"0.49707654999999995,0.49707654999999995,1",0.008171037,51.51383713
36,Cannon Street,8983249.0,8996282.0,7399745.0,7108243.0,1559861.0,2147772.0,3788997.0,4428700.0,"0.778565,0.778565,1",-0.090694851,51.51143372
37,Canons Park,2925484.0,2918453.0,2893090.0,2981768.0,1501564.0,1249231.0,2055535.0,1942805.857142857,"0.9028597071428571,0.9028597071428571,1",-0.294653741,51.60775952
38,Chalfont & Latimer,1488465.0,1594941.0,1789548.0,1766734.0,818368.0,736602.0,1303138.0,1144190.142857143,"0.9427904928571429,0.9427904928571429,1",-0.560534956,51.66802547
39,Chalk Farm,5608603.0,5556107.0,5232138.0,5448344.0,1661516.0,2195398.0,4002534.0,3442291.0,"0.82788545,0.82788545,1",-0.153728009,51.5440831
40,Chancery Lane,18189655.0,16775017.0,17033055.0,17253849.0,3405923.0,5469516.0,8530236.0,9781085.142857144,"0.5109457428571429,0.5109457428571429,1",-0.111677427,51.51812323
41,Charing Cross,8126588.0,18476801.0,18895518.0,19477585.0,3400411.0,7154835.0,13658817.0,11580566.714285715,"0.4209716642857143,0.4209716642857143,1",-0.124754687,51.50859321
42,Chesham,1069954.0,1081174.0,1121663.0,1170792.0,616342.0,507495.0,869938.0,766772.0,"0.9616614,0.9616614,1",-0.611219246,51.70503045
43,Chigwell,531799.0,477501.0,503402.0,524833.0,247222.0,192328.0,312653.0,322562.71428571426,"0.9838718642857143,0.9838718642857143,1",0.074526611,51.61787193
44,Chiswick Park,2292764.0,2138042.0,2090004.0,2443330.0,1067866.0,1013033.0,1901398.0,1521953.2857142857,"0.9239023357142857,0.9239023357142857,1",-0.267746874,51.49430059
45,Chorleywood,1070254.0,1469208.0,1402308.0,1492279.0,769367.0,803805.0,1340211.0,1039596.8571428572,"0.9480201571428571,0.9480201571428571,1",-0.51836599,51.65421786
46,Clapham Common,10043328.0,9926782.0,9711927.0,9644363.0,4500440.0,4712092.0,7706807.0,6600344.428571428,"0.6699827785714285,0.6699827785714285,1",-0.138311459,51.46172793
47,Clapham North,6903645.0,6498663.0,6009179.0,6136734.0,2868042.0,3273797.0,5215179.0,4285942.0,"0.7857029,0.7857029,1",-0.129531054,51.46484373
48,Clapham South,8797066.0,8205230.0,7977126.0,8095216.0,3382641.0,3758231.0,6132625.0,5364438.428571428,"0.7317780785714285,0.7317780785714285,1",-0.147982099,51.45259983
49,Cockfosters,2040080.0,1828835.0,1779062.0,1864419.0,886857.0,836566.0,1410899.0,1229519.7142857143,"0.9385240142857143,0.9385240142857143,1",-0.149614715,51.65168753
50,Colindale,6227278.0,6781366.0,7109001.0,7700808.0,4335294.0,3432152.0,5947593.0,5043744.857142857,"0.7478127571428571,0.7478127571428571,1",-0.250142588,51.59528652
51,Colliers Wood,6715162.0,6346134.0,6398401.0,6836968.0,3666803.0,3024060.0,4986160.0,4465503.714285715,"0.7767248142857143,0.7767248142857143,1",-0.177700937,51.41807189
52,Covent Garden,17188811.0,16524381.0,15756864.0,16550043.0,1621548.0,7484432.0,12986920.0,10132026.857142856,"0.49339865714285713,0.49339865714285713,1",-0.124159261,51.51290959
53,Croxley,1078029.0,1078929.0,1062083.0,1121607.0,515420.0,487950.0,810760.0,725249.8571428572,"0.9637375071428571,0.9637375071428571,1",-0.441710993,51.64704634
54,Dagenham East,2976440.0,2850852.0,2889563.0,2953138.0,2490581.0,1496282.0,2328494.0,2144130.0,"0.8927935,0.8927935,1",0.16587487,51.54411673
55,Dagenham Heathway,6043690.0,5779848.0,5763663.0,5853372.0,4552421.0,2869564.0,4453620.0,4181784.0,"0.7909108,0.7909108,1",0.147684195,51.54162741
56,Debden,2469953.0,2356317.0,2377124.0,2380050.0,1512812.0,1106863.0,1769334.0,1643214.2857142857,"0.9178392857142857,0.9178392857142857,1",0.08383781,51.64543432
57,Dollis Hill,4180094.0,4033111.0,3853604.0,4016751.0,2754026.0,1865453.0,2925221.0,2778309.4285714286,"0.8610845285714286,0.8610845285714286,1",-0.238797559,51.55190356
58,Ealing Broadway,18604788.0,15947455.0,15816781.0,16088979.0,7717377.0,6934968.0,13427062.0,10847517.42857143,"0.45762412857142853,0.45762412857142853,1",-0.301500096,51.51491303
59,Ealing Common,3177674.0,3030959.0,3035829.0,3068294.0,1610901.0,1308100.0,2017966.0,2010292.7142857143,"0.8994853642857142,0.8994853642857142,1",-0.288260381,51.51012474
60,Earl's Court,19998114.0,18918916.0,18512627.0,19127125.0,7898110.0,8396552.0,15175947.0,12575611.0,"0.37121945,0.37121945,1",-0.193545854,51.49180391
61,East Acton,4122793.0,3872967.0,3866457.0,4081695.0,2726902.0,1326939.0,2711444.0,2655200.5714285714,"0.8672399714285715,0.8672399714285715,1",-0.247513204,51.5165822
62,East Finchley,7470306.0,6953760.0,6637732.0,6866724.0,2870898.0,2809498.0,4952437.0,4441578.428571428,"0.7779210785714286,0.7779210785714286,1",-0.164738306,51.58727172
63,East Ham,14746847.0,13938124.0,13246713.0,13011044.0,8485806.0,5966757.0,9890008.0,9219778.857142856,"0.5390110571428572,0.5390110571428572,1",0.051475549,51.53892604
64,East Putney,6369310.0,5875905.0,6109009.0,6445888.0,3056532.0,3007533.0,5020735.0,4216514.571428572,"0.7891742714285714,0.7891742714285714,1",-0.211003174,51.45880475
65,Eastcote,2943186.0,2867252.0,2791569.0,2825453.0,1365559.0,1187714.0,1992221.0,1861395.4285714286,"0.9069302285714286,0.9069302285714286,1",-0.396844627,51.57649304
66,Edgware,5188838.0,5013738.0,4842434.0,4922141.0,2815355.0,2278683.0,3931713.0,3400580.5714285714,"0.8299709714285715,0.8299709714285715,1",-0.274976006,51.61362308
67,Elephant & Castle,23295457.0,20987746.0,19132578.0,19754830.0,8559895.0,7881463.0,13298222.0,12802104.857142856,"0.35989475714285724,0.35989475714285724,1",-0.100729604,51.49577705
68,Elm Park,3096321.0,3122720.0,3076370.0,3143319.0,2007136.0,1406370.0,2228052.0,2140566.714285714,"0.8929716642857143,0.8929716642857143,1",0.199180459,51.54980125
69,Embankment,26844711.0,21002144.0,20303286.0,20963697.0,4055183.0,8251813.0,15132337.0,12815494.285714285,"0.3592252857142857,0.3592252857142857,1",-0.122360216,51.5072418
70,Epping,3770408.0,3778082.0,4048867.0,4084533.0,1909072.0,1890743.0,3021978.0,2676182.1428571427,"0.8661908928571429,0.8661908928571429,1",0.113866916,51.69362461
71,Euston,43099154.0,40735345.0,39254276.0,41092380.0,8794406.0,15882123.0,27686937.0,24777923.85714286,"0,0,1",-0.133289719,51.52859626
72,Euston Square,14395409.0,13495131.0,13858401.0,14119388.0,3668927.0,5263980.0,10326061.0,8675984.0,"0.5662008000000001,0.5662008000000001,1",-0.135836141,51.52556101
73,Fairlop,1197309.0,1179427.0,1181967.0,1248117.0,687862.0,541194.0,869290.0,815408.1428571428,"0.9592295928571428,0.9592295928571428,1",0.090929226,51.59568093
74,Farringdon,15874802.0,19325838.0,25016753.0,25924012.0,5899244.0,8497573.0,30068501.0,16390274.42857143,"0.18048627857142852,0.18048627857142852,1",-0.105065254,51.52044475
75,Finchley Central,6949909.0,6859802.0,8075893.0,8485023.0,3718793.0,3523038.0,6004211.0,5238108.571428572,"0.7380945714285714,0.7380945714285714,1",-0.192447107,51.60097642
76,Finchley Road,9998400.0,9134559.0,9124495.0,9187606.0,4696641.0,3908195.0,6684393.0,6105127.0,"0.6947436499999999,0.6947436499999999,1",-0.180494176,51.54706483
77,Finsbury Park,32738968.0,29633479.0,31540207.0,33396270.0,15817399.0,14048632.0,23402642.0,21119804.14285714,"0,0,1",-0.1065121,51.56440165
78,Fulham Broadway,10153787.0,9149885.0,8704059.0,8816445.0,3911983.0,4148235.0,6520154.0,5892965.857142857,"0.7053517071428571,0.7053517071428571,1",-0.194956845,51.48052978
79,Gants Hill,7143148.0,6491292.0,6174918.0,6358482.0,3741492.0,2835478.0,4748259.0,4335703.0,"0.78321485,0.78321485,1",0.066115534,51.57648755
80,Gloucester Road,13975040.0,13100020.0,13311849.0,13738684.0,3933949.0,6967643.0,10486109.0,8791179.142857144,"0.5604410428571428,0.5604410428571428,1",-0.182989526,51.49423978
81,Golders Green,8511338.0,7973435.0,7897011.0,7895394.0,3897645.0,3332144.0,5785182.0,5254401.571428572,"0.7372799214285715,0.7372799214285715,1",-0.193993261,51.57222139
82,Goldhawk Road,2123640.0,2033590.0,2109767.0,2127422.0,972028.0,954301.0,1677524.0,1410661.7142857143,"0.9294669142857143,0.9294669142857143,1",-0.226748329,51.5019522
83,Goodge Street,8463593.0,7185458.0,7316006.0,8507731.0,1625476.0,2537086.0,5152082.0,4617691.285714285,"0.7691154357142858,0.7691154357142858,1",-0.134662152,51.520425
84,Grange Hill,663262.0,639841.0,642034.0,652468.0,296723.0,232680.0,367952.0,404528.28571428574,"0.9797735857142857,0.9797735857142857,1",0.092146407,51.61334986
85,Great Portland Street,8657946.0,7732903.0,7728904.0,7974138.0,2635853.0,2685637.0,5160153.0,4845369.714285715,"0.7577315142857143,0.7577315142857143,1",-0.143956086,51.52372031
86,Green Park,41241175.0,37397425.0,36793171.0,39059216.0,9446617.0,15943763.0,28415099.0,23865041.57142857,"0,0,1",-0.142927422,51.50685011
87,Greenford,4806850.0,4452187.0,4206392.0,4170423.0,2964852.0,2049869.0,3292419.0,3019448.8571428573,"0.8490275571428572,0.8490275571428572,1",-0.346444147,51.54230203
88,Gunnersbury,5784841.0,5451362.0,5447164.0,5522635.0,2178993.0,1967487.0,3873039.0,3491525.714285714,"0.8254237142857143,0.8254237142857143,1",-0.275175035,51.4917931
89,Hainault,3738019.0,3619745.0,3584797.0,3644122.0,2625053.0,1732237.0,2795930.0,2571697.714285714,"0.8714151142857143,0.8714151142857143,1",0.093119014,51.60372722
90,Hampstead,4637096.0,4564741.0,4441422.0,4665745.0,2259516.0,2111620.0,3606601.0,3092806.4285714286,"0.8453596785714286,0.8453596785714286,1",-0.178219763,51.55668848
91,Hanger Lane,4095538.0,3702916.0,3551843.0,3548004.0,1904069.0,1467628.0,2584708.0,2394166.8571428573,"0.8802916571428572,0.8802916571428572,1",-0.293007523,51.5300064
92,Harlesden,3099292.0,3049018.0,3022879.0,3056499.0,2464347.0,1549700.0,2331624.0,2210581.0,"0.88947095,0.88947095,1",-0.257502755,51.53619291
93,Harrow & Wealdstone,4963518.0,4601592.0,4654371.0,4661780.0,3033409.0,2079627.0,3229099.0,3179982.5714285714,"0.8410008714285715,0.8410008714285715,1",-0.335231166,51.59220883
94,Hatton Cross,3248674.0,3035400.0,3008769.0,3238018.0,1562318.0,1411470.0,2627285.0,2126180.0,"0.893691,0.893691,1",-0.423409349,51.46661417
95,Heathrow Terminal 4,2278746.0,2146778.0,2127743.0,2125220.0,0.0,0.0,1232766.0,1090358.142857143,"0.9454820928571428,0.9454820928571428,1",-0.446058767,51.4585531
96,Hendon Central,8130263.0,7420133.0,7297644.0,7190413.0,3385014.0,2933496.0,4941336.0,4738290.857142857,"0.7630854571428571,0.7630854571428571,1",-0.226496208,51.58329383
97,High Barnet,3647152.0,4062201.0,4014753.0,4047339.0,2028542.0,1826421.0,3172741.0,2735999.5714285714,"0.8632000214285714,0.8632000214285714,1",-0.194751022,51.65060117
98,High Street Kensington,13103200.0,12115781.0,11889198.0,11691230.0,3574133.0,4454568.0,8535039.0,7465707.0,"0.62671465,0.62671465,1",-0.192503136,51.50067342
99,Highbury & Islington,20222247.0,19056704.0,16740040.0,17504715.0,8221119.0,8340490.0,13755507.0,11945510.714285715,"0.4027244642857143,0.4027244642857143,1",-0.103964239,51.54622949
100,Highgate,5769258.0,5581536.0,5362797.0,5652865.0,2341117.0,2428486.0,4242758.0,3658508.4285714286,"0.8170745785714286,0.8170745785714286,1",-0.146638423,51.57759783
101,Hillingdon,1772004.0,1726384.0,1704504.0,1648055.0,840109.0,747141.0,1327387.0,1141940.0,"0.942903,0.942903,1",-0.449926296,51.55371684
102,Holborn,33956572.0,31015758.0,30740262.0,31253089.0,7171859.0,11252228.0,21064035.0,18928175.85714286,"0.053591207142857145,0.053591207142857145,1",-0.120008849,51.51743878
103,Holland Park,3225381.0,3451841.0,3377648.0,3722034.0,1993894.0,1618471.0,2653625.0,2402501.8571428573,"0.8798749071428571,0.8798749071428571,1",-0.205728673,51.50733404
104,Holloway Road,6719981.0,6438237.0,6146893.0,6687750.0,2260557.0,2882905.0,5234546.0,4235841.142857143,"0.7882079428571429,0.7882079428571429,1",-0.112925633,51.55275054
105,Hornchurch,2108498.0,2138383.0,2108849.0,2139412.0,1247419.0,934752.0,1465954.0,1433538.4285714286,"0.9283230785714286,0.9283230785714286,1",0.219018987,51.55400526
106,Hounslow Central,3825932.0,3748113.0,3575375.0,3635704.0,1947240.0,1519626.0,2875274.0,2471618.8571428573,"0.8764190571428572,0.8764190571428572,1",-0.36692242,51.4710833
107,Hounslow East,3870493.0,3829625.0,3729904.0,3920633.0,2333768.0,1773818.0,3216060.0,2686258.285714286,"0.8656870857142858,0.8656870857142858,1",-0.356695318,51.47317062
108,Hounslow West,3545471.0,3330306.0,3324930.0,3531951.0,1825754.0,1550628.0,2883269.0,2349548.285714286,"0.8825225857142857,0.8825225857142857,1",-0.385731868,51.4730348
109,Hyde Park Corner,6310733.0,5218249.0,4567539.0,4438810.0,1689055.0,1883530.0,4743548.0,3220104.4285714286,"0.8389947785714286,0.8389947785714286,1",-0.152748812,51.50276041
110,Ickenham,1166906.0,1119734.0,1142440.0,1118573.0,554519.0,480785.0,821905.0,748279.4285714285,"0.9625860285714286,0.9625860285714286,1",-0.442026556,51.56198474
111,Kennington,5592864.0,5286728.0,5032526.0,5508345.0,2398479.0,2486398.0,4406994.0,3588495.714285714,"0.8205752142857143,0.8205752142857143,1",-0.105485153,51.48811953
112,Kensal Green,2724536.0,2556972.0,2410079.0,2488061.0,1354080.0,1068362.0,1809069.0,1669517.5714285714,"0.9165241214285714,0.9165241214285714,1",-0.224716965,51.53045767
113,Kensington (Olympia),2047039.0,1855973.0,110944.0,109430.0,35234.0,34499.0,0.0,306582.85714285716,"0.9846708571428572,0.9846708571428572,1",-0.210382523,51.49780917
114,Kentish Town,8358081.0,7938048.0,7598874.0,8121594.0,3257153.0,3708705.0,6304992.0,5275623.714285715,"0.7362188142857142,0.7362188142857142,1",-0.140464193,51.55030376
115,Kenton,2078584.0,1968088.0,1881163.0,1889965.0,1561991.0,949500.0,1516692.0,1395342.7142857143,"0.9302328642857143,0.9302328642857143,1",-0.317164406,51.58178846
116,Kew Gardens,4176827.0,4135561.0,3865056.0,3825494.0,1808585.0,2146236.0,3969356.0,2821469.714285714,"0.8589265142857143,0.8589265142857143,1",-0.285252328,51.47702993
117,Kilburn,8582187.0,8161692.0,8055599.0,8116651.0,3945831.0,3297471.0,5518439.0,5299383.285714285,"0.7350308357142857,0.7350308357142857,1",-0.204633341,51.5468795
118,Kilburn Park,3428178.0,3185489.0,3271343.0,3285734.0,1482189.0,1375207.0,2429301.0,2147037.5714285714,"0.8926481214285714,0.8926481214285714,1",-0.193965947,51.53506908
119,King's Cross St. Pancras,95030793.0,92620193.0,87839231.0,88273827.0,18837593.0,36734085.0,69936049.0,56320139.71428572,"0,0,1",-0.123857948,51.53039724
120,Kingsbury,5122530.0,4958925.0,4637313.0,4551665.0,3236734.0,2067899.0,3372497.0,3260719.0,"0.83696405,0.83696405,1",-0.278799057,51.58475687
121,Knightsbridge,19086044.0,16241434.0,16509261.0,16528117.0,4464303.0,7453212.0,13270083.0,10638058.57142857,"0.4680970714285715,0.4680970714285715,1",-0.160507091,51.50155143
122,Ladbroke Grove,5801892.0,5652798.0,5597827.0,6130079.0,2835701.0,2648507.0,5097954.0,3994695.1428571427,"0.8002652428571428,0.8002652428571428,1",-0.210861918,51.51718845
123,Lambeth North,0.0,3337188.0,3973246.0,3868659.0,1195291.0,1286347.0,2567046.0,2318253.8571428573,"0.8840873071428571,0.8840873071428571,1",-0.11176027,51.49905815
124,Lancaster Gate,7060983.0,5903385.0,6140949.0,6628043.0,1503898.0,2668131.0,3648119.0,3784646.4285714286,"0.8107676785714286,0.8107676785714286,1",-0.175428659,51.51182153
125,Latimer Road,2627529.0,2344798.0,2439071.0,2320784.0,1121245.0,1075229.0,1841768.0,1591842.142857143,"0.9204078928571429,0.9204078928571429,1",-0.217779302,51.51354359
126,Leicester Square,37843681.0,34580105.0,33424173.0,34563636.0,3950320.0,16345381.0,29391294.0,21750701.285714287,"0,0,1",-0.128235532,51.51122103
127,Leyton,14331098.0,12751863.0,11393769.0,11262368.0,7325632.0,5293420.0,8360273.0,8055332.142857143,"0.5972333928571429,0.5972333928571429,1",-0.00561988,51.55643293
128,Leytonstone,11300919.0,10431470.0,9744447.0,9822700.0,5650715.0,4259419.0,6700643.0,6658484.857142857,"0.6670757571428572,0.6670757571428572,1",0.008215047,51.56818526
129,Liverpool Street,71614231.0,64501949.0,66141465.0,67202755.0,16267905.0,26596893.0,55837583.0,42364078.571428575,"0,0,1",-0.082965709,51.51735123
130,London Bridge,70735683.0,65684647.0,70676629.0,74343494.0,24721911.0,30857082.0,56204583.0,46069763.71428572,"0,0,1",-0.086922404,51.50549935
131,Loughton,3448907.0,3412794.0,3301688.0,3473615.0,1747510.0,1606879.0,2645225.0,2312530.1428571427,"0.8843734928571428,0.8843734928571428,1",0.055311997,51.64151276
132,Maida Vale,3409091.0,3118278.0,3150058.0,3302961.0,1538572.0,1433954.0,2498776.0,2148942.714285714,"0.8925528642857143,0.8925528642857143,1",-0.185625902,51.52976002
133,Manor House,9122653.0,8214650.0,7827043.0,8554567.0,3599717.0,3593706.0,6024622.0,5402043.571428572,"0.7298978214285714,0.7298978214285714,1",-0.095712467,51.57075601
134,Mansion House,6136459.0,6140305.0,7106682.0,6789496.0,1067130.0,2088948.0,4138247.0,3904401.1428571427,"0.8047799428571428,0.8047799428571428,1",-0.094187135,51.5120212
135,Marble Arch,14108617.0,13254257.0,12451407.0,12159194.0,3657164.0,5242933.0,9603610.0,8052652.142857143,"0.5973673928571428,0.5973673928571428,1",-0.158438047,51.51354329
136,Marylebone,12948293.0,12988295.0,13075755.0,12881989.0,2630669.0,4597698.0,8722517.0,7842417.571428572,"0.6078791214285715,0.6078791214285715,1",-0.163104487,51.52222334
137,Mile End,15746922.0,14928464.0,14686759.0,14971042.0,6787729.0,6644477.0,11357596.0,9910866.714285715,"0.5044566642857142,0.5044566642857142,1",-0.03340417,51.52509187
138,Mill Hill East,1340993.0,1318680.0,1350943.0,1407857.0,813926.0,764644.0,1410192.0,1009463.1428571428,"0.9495268428571428,0.9495268428571428,1",-0.20989442,51.6082589
139,Moor Park,914852.0,897017.0,913450.0,932748.0,593315.0,463133.0,729111.0,646967.7142857143,"0.9676516142857143,0.9676516142857143,1",-0.432666849,51.62973109
140,Moorgate,27565959.0,25828308.0,24646666.0,25050824.0,5839734.0,8789962.0,20013958.0,15738493.142857144,"0.2130753428571428,0.2130753428571428,1",-0.089006315,51.51836725
141,Morden,10056185.0,9872702.0,9689216.0,9815261.0,5488034.0,4421002.0,7680069.0,6709469.142857143,"0.6645265428571429,0.6645265428571429,1",-0.194790701,51.40233694
142,Mornington Crescent,5039573.0,4779258.0,4300182.0,4001482.0,1331040.0,1425296.0,2672239.0,2644213.8571428573,"0.8677893071428571,0.8677893071428571,1",-0.13884253,51.53420661
143,Neasden,3749439.0,3646639.0,3400938.0,3450466.0,2478884.0,1564012.0,2491433.0,2433196.0,"0.8783402,0.8783402,1",-0.249782873,51.55396572
144,Newbury Park,5429546.0,5249584.0,4729847.0,5079924.0,3168498.0,2218404.0,3526527.0,3424683.4285714286,"0.8287658285714286,0.8287658285714286,1",0.090337314,51.57557249
145,North Acton,6530887.0,6459225.0,5909108.0,6241955.0,3717589.0,3148552.0,5227467.0,4386270.857142857,"0.7806864571428571,0.7806864571428571,1",-0.259737386,51.52336556
146,North Ealing,905402.0,786073.0,798689.0,880333.0,507381.0,357588.0,588313.0,559768.1428571428,"0.9720115928571429,0.9720115928571429,1",-0.28900498,51.51755516
147,North Greenwich,26452132.0,26585096.0,24549011.0,28280620.0,9641852.0,11279522.0,21202411.0,17362644.57142857,"0.13186777142857142,0.13186777142857142,1",0.003607417,51.50018182
148,North Harrow,1968198.0,1833325.0,1835839.0,1930536.0,954512.0,769257.0,1306156.0,1232803.5714285714,"0.9383598214285714,0.9383598214285714,1",-0.362223573,51.58479185
149,North Wembley,1791287.0,1684067.0,1589646.0,1572051.0,1225092.0,778946.0,1204024.0,1150546.5714285714,"0.9424726714285714,0.9424726714285714,1",-0.304155735,51.56249029
150,Northfields,3913283.0,3785696.0,3664816.0,3975886.0,1899266.0,1630938.0,2626178.0,2511825.714285714,"0.8744087142857143,0.8744087142857143,1",-0.314156833,51.49927648
151,Northolt,5157171.0,4921293.0,4784063.0,4976954.0,3383878.0,2467440.0,3961099.0,3499246.714285714,"0.8250376642857142,0.8250376642857142,1",-0.368459834,51.54815044
152,Northwick Park,4651799.0,4311177.0,4142560.0,4357031.0,2426206.0,1836276.0,3168082.0,2891618.8571428573,"0.8554190571428572,0.8554190571428572,1",-0.318206357,51.57859284
153,Northwood,2488831.0,2897563.0,2630662.0,2743087.0,1515209.0,1274615.0,2044570.0,1872243.7142857143,"0.9063878142857142,0.9063878142857142,1",-0.423860794,51.61115923
154,Northwood Hills,1910904.0,1918400.0,1856472.0,1903375.0,1165488.0,831677.0,1340929.0,1288048.7142857143,"0.9355975642857143,0.9355975642857143,1",-0.409298631,51.60049458
155,Notting Hill Gate,17184657.0,15456337.0,13812400.0,15070782.0,5682051.0,6404193.0,11694553.0,9731473.714285715,"0.5134263142857143,0.5134263142857143,1",-0.196537685,51.50906353
156,Oakwood,2875067.0,2736346.0,2648492.0,2780380.0,1310286.0,1290796.0,2231254.0,1856793.4285714286,"0.9071603285714286,0.9071603285714286,1",-0.131841721,51.64758365
157,Old Street,25966550.0,25083479.0,25533008.0,27107822.0,6683590.0,9635310.0,16178065.0,15745896.285714285,"0.21270518571428576,0.21270518571428576,1",-0.087549731,51.52560132
158,Osterley,2315575.0,2079080.0,2043230.0,2179739.0,963611.0,911252.0,1737364.0,1416325.142857143,"0.9291837428571429,0.9291837428571429,1",-0.351994405,51.4809288
159,Oval,6447853.0,6983973.0,7027340.0,7170152.0,3313152.0,3129276.0,5361113.0,4712143.714285715,"0.7643928142857143,0.7643928142857143,1",-0.112893409,51.48210545
160,Oxford Circus,83258977.0,79778619.0,73639833.0,78073457.0,14598777.0,32863152.0,54022846.0,47568097.71428572,"0,0,1",-0.141768984,51.5151238
161,Paddington,49480436.0,,,,,,,,"nan,nan,1",-0.175390006,51.51531042
162,Park Royal,2015314.0,1923720.0,1896819.0,2047993.0,1245850.0,918333.0,1653036.0,1383678.7142857143,"0.9308160642857143,0.9308160642857143,1",-0.284228016,51.52690138
163,Parsons Green,6746851.0,6442093.0,6357956.0,6558793.0,3026008.0,2993897.0,5028968.0,4343959.285714285,"0.7828020357142857,0.7828020357142857,1",-0.201234657,51.47509533
164,Perivale,2460144.0,2389751.0,2425638.0,2444064.0,1503990.0,1080893.0,1686109.0,1647206.4285714286,"0.9176396785714286,0.9176396785714286,1",-0.323852038,51.53659409
165,Piccadilly Circus,41291525.0,38573777.0,36004485.0,38396960.0,4175738.0,14144793.0,27682697.0,22711207.14285714,"0,0,1",-0.134006366,51.510027
166,Pimlico,11485039.0,10422636.0,10282108.0,10813686.0,4243221.0,4058878.0,6928011.0,6678362.857142857,"0.6660818571428571,0.6660818571428571,1",-0.133748665,51.48919376
167,Pinner,3198703.0,3266903.0,3366921.0,2960479.0,1360437.0,1280875.0,2106745.0,2048908.5714285714,"0.8975545714285714,0.8975545714285714,1",-0.380919804,51.59285763
168,Plaistow,5490616.0,5816650.0,5815124.0,5567660.0,3769831.0,2671882.0,4014434.0,3950797.285714286,"0.8024601357142858,0.8024601357142858,1",0.017804699,51.53121839
169,Preston Road,3308379.0,3447448.0,3200118.0,3230285.0,2030454.0,1388173.0,2297341.0,2227688.4285714286,"0.8886155785714286,0.8886155785714286,1",-0.2952563,51.57203799
170,Putney Bridge,5416663.0,5113846.0,5278188.0,5766944.0,2626929.0,2686314.0,4810117.0,3754619.714285714,"0.8122690142857143,0.8122690142857143,1",-0.208976678,51.46790222
171,Queen's Park,5636721.0,5361846.0,5183914.0,5412178.0,2775384.0,2380111.0,4148784.0,3608888.1428571427,"0.8195555928571429,0.8195555928571429,1",-0.20470409,51.5341009
172,Queensbury,4675024.0,4416312.0,4173051.0,4114533.0,2855288.0,1835750.0,3065100.0,2922862.0,"0.8538569,0.8538569,1",-0.285785682,51.59434715
173,Queensway,8707156.0,8031860.0,7661884.0,8254515.0,2119882.0,3619504.0,6518486.0,5172304.428571428,"0.7413847785714286,0.7413847785714286,1",-0.187434461,51.51038005
174,Ravenscourt Park,3178278.0,3055656.0,3087532.0,3228328.0,1921494.0,1533828.0,2583723.0,2201508.714285714,"0.8899245642857143,0.8899245642857143,1",-0.236258354,51.49413653
175,Rayners Lane,4460978.0,4112035.0,3912652.0,4159999.0,2336745.0,1778250.0,3039620.0,2762757.285714286,"0.8618621357142857,0.8618621357142857,1",-0.371005564,51.5749767
176,Redbridge,3054243.0,2789938.0,2715368.0,2804018.0,1564820.0,1259738.0,2042273.0,1882307.857142857,"0.9058846071428571,0.9058846071428571,1",0.045423116,51.57630179
177,Regent's Park,3346006.0,3438858.0,3460614.0,3867435.0,1628977.0,1265551.0,2147300.0,2258390.714285714,"0.8870804642857143,0.8870804642857143,1",-0.146862635,51.5235055
178,Richmond,8112159.0,7883382.0,7998532.0,8081806.0,2167117.0,2196602.0,3738887.0,4580903.714285715,"0.7709548142857143,0.7709548142857143,1",-0.301754218,51.46315964
179,Rickmansworth,2455761.0,2587429.0,2256420.0,2387979.0,1385890.0,1098469.0,1766012.0,1640314.142857143,"0.9179842928571429,0.9179842928571429,1",-0.473712107,51.64027271
180,Roding Valley,367335.0,352989.0,459286.0,449612.0,190163.0,155226.0,259271.0,266649.5714285714,"0.9866675214285714,0.9866675214285714,1",0.043864415,51.61711524
181,Royal Oak,2545583.0,2486491.0,2587512.0,2608698.0,1251188.0,1185481.0,1977095.0,1728066.4285714286,"0.9135966785714286,0.9135966785714286,1",-0.188230043,51.51901712
182,Ruislip,1948970.0,1890042.0,1929049.0,1932543.0,948688.0,821706.0,1367228.0,1269893.7142857143,"0.9365053142857143,0.9365053142857143,1",-0.421455074,51.57144911
183,Ruislip Gardens,1072221.0,1106458.0,1039276.0,1106583.0,549192.0,476607.0,766348.0,720637.7142857143,"0.9639681142857143,0.9639681142857143,1",-0.411039285,51.5605885
184,Ruislip Manor,1993852.0,1943537.0,1872804.0,1893831.0,988143.0,839242.0,1353734.0,1270184.4285714286,"0.9364907785714286,0.9364907785714286,1",-0.412345792,51.57318768
185,Russell Square,12345236.0,10853914.0,11896108.0,12274252.0,2744465.0,3655414.0,8588433.0,7144655.142857143,"0.6427672428571429,0.6427672428571429,1",-0.124310056,51.52291285
186,Seven Sisters,18605749.0,17340179.0,17536699.0,17020209.0,10305872.0,7364300.0,16720076.0,12326762.142857144,"0.3836618928571428,0.3836618928571428,1",-0.072491881,51.58335418
187,Sloane Square,17147936.0,16372926.0,15929561.0,16585916.0,6276139.0,7380128.0,12769299.0,10759138.42857143,"0.46204307857142857,0.46204307857142857,1",-0.156486232,51.49228782
188,Snaresbrook,2694225.0,2787010.0,2298797.0,2378289.0,1185716.0,1083968.0,1668766.0,1628935.142857143,"0.9185532428571428,0.9185532428571428,1",0.021490462,51.58082702
189,South Ealing,3617189.0,3477368.0,3357981.0,3518542.0,1630782.0,1495186.0,2505100.0,2283565.5714285714,"0.8858217214285714,0.8858217214285714,1",-0.307018839,51.50136794
190,South Harrow,2484237.0,2107487.0,2081548.0,2167602.0,1581956.0,1013772.0,1674310.0,1518096.4285714286,"0.9240951785714285,0.9240951785714285,1",-0.352211571,51.56467757
191,South Kensington,33603151.0,31994140.0,32056414.0,33071847.0,9805549.0,10824383.0,24332469.0,20297828.85714286,"0,0,1",-0.173922311,51.49399987
192,South Kenton,1170483.0,1147945.0,1389793.0,1415443.0,969471.0,626386.0,1012436.0,937353.4285714285,"0.9531323285714286,0.9531323285714286,1",-0.308588675,51.57017169
193,South Ruislip,1758094.0,1926405.0,1895804.0,1952608.0,992838.0,888276.0,1410940.0,1295267.2857142857,"0.9352366357142857,0.9352366357142857,1",-0.398658757,51.55651696
194,South Wimbledon,4759428.0,4627559.0,4626925.0,4654244.0,1992804.0,1937293.0,3302306.0,3020161.5714285714,"0.8489919214285715,0.8489919214285715,1",-0.191979094,51.41528037
195,South Woodford,5247294.0,5022133.0,4876210.0,5271035.0,2308574.0,2380524.0,3790939.0,3378487.8571428573,"0.8310756071428571,0.8310756071428571,1",0.027317134,51.59172565
196,Southfields,6275587.0,5732747.0,5747476.0,5860615.0,2902818.0,2695552.0,4446603.0,3912258.714285714,"0.8043870642857143,0.8043870642857143,1",-0.206537544,51.44493133
197,Southgate,5647834.0,5304983.0,5170481.0,5429160.0,2705625.0,2312226.0,3779589.0,3528866.285714286,"0.8235566857142858,0.8235566857142858,1",-0.127758393,51.63231971
198,Southwark,17861867.0,15946577.0,15133433.0,14953717.0,3568419.0,5034192.0,8916716.0,9079007.714285715,"0.5460496142857143,0.5460496142857143,1",-0.105091836,51.50384301
199,St. James's Park,14934536.0,13664987.0,14169247.0,14479978.0,2919119.0,3901970.0,8542648.0,8239707.0,"0.5880146500000001,0.5880146500000001,1",-0.134183744,51.49934546
200,St. John's Wood,7791962.0,7399877.0,7480779.0,7610612.0,4113555.0,3464027.0,5629161.0,5099715.857142857,"0.7450142071428572,0.7450142071428572,1",-0.174172356,51.53456452
201,St. Paul's,18422362.0,16417294.0,12081030.0,15815893.0,3861774.0,5359932.0,9130661.0,8952369.142857144,"0.5523815428571428,0.5523815428571428,1",-0.097573654,51.5148013
202,Stamford Brook,2700007.0,2557655.0,2621529.0,2749841.0,1317072.0,1223866.0,2114025.0,1797712.5714285714,"0.9101143714285714,0.9101143714285714,1",-0.245453795,51.49479623
203,Stanmore,4040589.0,3717315.0,3762665.0,3853243.0,2021467.0,1729034.0,2898971.0,2568956.4285714286,"0.8715521785714286,0.8715521785714286,1",-0.303108171,51.61961834
204,Stepney Green,6411775.0,6023114.0,6081225.0,5988691.0,2463108.0,2707641.0,4691603.0,3993626.0,"0.8003187,0.8003187,1",-0.046458666,51.52191063
205,Stockwell,11423478.0,11089126.0,10565894.0,11075026.0,5370518.0,4614856.0,7461301.0,7168103.0,"0.6415948499999999,0.6415948499999999,1",-0.122909312,51.47216654
206,Stonebridge Park,2530036.0,2412008.0,2391234.0,2426837.0,1982465.0,1237627.0,2204940.0,1807873.0,"0.90960635,0.90960635,1",-0.275409248,51.54392229
207,Stratford,67047270.0,58586655.0,61553342.0,64853194.0,25071500.0,29106619.0,47881009.0,41007474.14285714,"0,0,1",-0.00319533,51.54130927
208,Sudbury Hill,1976543.0,1790959.0,1776550.0,1910960.0,1451606.0,889529.0,1507933.0,1332505.2857142857,"0.9333747357142858,0.9333747357142858,1",-0.336215632,51.55699619
209,Sudbury Town,1996547.0,1718575.0,1654830.0,1825805.0,1278124.0,835671.0,1389322.0,1243189.5714285714,"0.9378405214285714,0.9378405214285714,1",-0.315482697,51.55078246
210,Swiss Cottage,7578603.0,7369274.0,7034394.0,7130168.0,2891037.0,3001198.0,4937419.0,4623355.714285715,"0.7688322142857142,0.7688322142857142,1",-0.174759253,51.54331532
211,Temple,8223970.0,8561001.0,8957017.0,8743279.0,1323354.0,3070900.0,6371669.0,5289602.857142857,"0.7355198571428572,0.7355198571428572,1",-0.11370309,51.51096998
212,Theydon Bois,850065.0,905705.0,889000.0,896336.0,493721.0,423967.0,679199.0,612561.1428571428,"0.9693719428571429,0.9693719428571429,1",0.103125377,51.67171132
213,Tooting Bec,7922887.0,7658810.0,7570365.0,7670661.0,3509976.0,3610529.0,5943410.0,5137678.714285715,"0.7431160642857142,0.7431160642857142,1",-0.15970054,51.43575963
214,Tooting Broadway,15922071.0,15371262.0,15218284.0,15427848.0,8102118.0,6892544.0,11623863.0,10376559.857142856,"0.4811720071428571,0.4811720071428571,1",-0.167976763,51.42743539
215,Tottenham Court Road,39346254.0,39193558.0,38649304.0,41988765.0,6045302.0,16036231.0,48952679.0,27266548.42857143,"0,0,1",-0.130870518,51.51620955
216,Tottenham Hale,13213806.0,11889159.0,12965971.0,14026843.0,7264852.0,7115066.0,12492329.0,9393460.0,"0.530327,0.530327,1",-0.060281116,51.5880453
217,Totteridge & Whetstone,2232086.0,2416108.0,2418680.0,2523102.0,1030907.0,1064853.0,1809400.0,1609007.142857143,"0.9195496428571428,0.9195496428571428,1",-0.179261213,51.6302077
218,Tower Hill,21834402.0,19897981.0,21524392.0,20586761.0,4116750.0,7328488.0,15398014.0,12693198.0,"0.36534009999999995,0.36534009999999995,1",-0.076353695,51.51006595
219,Tufnell Park,3707186.0,3895273.0,3980735.0,4051401.0,1360667.0,1540273.0,2968537.0,2542412.285714286,"0.8728793857142857,0.8728793857142857,1",-0.137924881,51.55666682
220,Turnham Green,5650263.0,5845936.0,5816381.0,5839620.0,2563212.0,2661114.0,4683256.0,3915645.5714285714,"0.8042177214285714,0.8042177214285714,1",-0.254532983,51.49511173
221,Turnpike Lane,10857089.0,10162189.0,9948987.0,10603832.0,5636483.0,4494164.0,7890066.0,6962245.857142857,"0.6518877071428572,0.6518877071428572,1",-0.102792275,51.59029677
222,Upminster,5339344.0,5266228.0,4336857.0,4764016.0,2440980.0,2214271.0,3768771.0,3255874.714285714,"0.8372062642857143,0.8372062642857143,1",0.251087116,51.55888908
223,Upminster Bridge,1159376.0,1096940.0,1153892.0,1107953.0,786733.0,507765.0,739660.0,770420.4285714285,"0.9614789785714286,0.9614789785714286,1",0.23577122,51.55875051
224,Upney,2719998.0,2567807.0,2595098.0,2546936.0,1867666.0,1241844.0,1943046.0,1823199.5714285714,"0.9088400214285715,0.9088400214285715,1",0.101565626,51.53833531
225,Upton Park,10141620.0,9097854.0,9693275.0,9708180.0,6677841.0,4784244.0,7685139.0,6806647.571428572,"0.6596676214285714,0.6596676214285714,1",0.03527318,51.5352333
226,Uxbridge,8452417.0,7980024.0,7914648.0,7992197.0,4034024.0,3486758.0,5756484.0,5309162.142857143,"0.7345418928571429,0.7345418928571429,1",-0.478139472,51.54649637
227,Vauxhall,32234468.0,29257502.0,30407334.0,32303635.0,15463373.0,13623576.0,20877534.0,20276136.285714287,"0,0,1",-0.123748951,51.48573338
228,Victoria,83501204.0,75163165.0,82964036.0,85468928.0,22954962.0,33480926.0,56430221.0,50923176.85714286,"0,0,1",-0.143844854,51.49634217
229,Walthamstow Central,22766326.0,9089459.0,17123414.0,18918347.0,10443276.0,7906474.0,12810972.0,10898848.857142856,"0.4550575571428572,0.4550575571428572,1",-0.019918639,51.58295471
230,Wanstead,2960642.0,2804581.0,2703432.0,2771619.0,1137200.0,1181072.0,1879178.0,1782440.2857142857,"0.9108779857142857,0.9108779857142857,1",0.028745919,51.57552134
231,Warren Street,20346625.0,19218263.0,19376983.0,18245765.0,7744299.0,7038704.0,13006335.0,12090049.857142856,"0.39549750714285714,0.39549750714285714,1",-0.138272313,51.52451152
232,Warwick Avenue,4506260.0,4047265.0,3912072.0,3999622.0,1682785.0,1673860.0,2872126.0,2598247.1428571427,"0.8700876428571429,0.8700876428571429,1",-0.183678271,51.52327252
233,Waterloo,100362256.0,86887788.0,77373119.0,82934325.0,16621546.0,29868623.0,68719185.0,51772083.71428572,"0,0,1",-0.114069436,51.50350221
234,Watford,1836559.0,1771435.0,1705035.0,1924615.0,1403495.0,955674.0,1678824.0,1348439.7142857143,"0.9325780142857143,0.9325780142857143,1",-0.417280632,51.65742097
235,Wembley Central,5769748.0,5618729.0,5513701.0,5650760.0,3772644.0,2708193.0,4369287.0,3947616.285714286,"0.8026191857142857,0.8026191857142857,1",-0.296859445,51.55232997
236,Wembley Park,15103629.0,15712048.0,15473222.0,15423884.0,8289529.0,7894562.0,15002565.0,11113687.142857144,"0.44431564285714287,0.44431564285714287,1",-0.279251009,51.56326048
237,West Acton,1820883.0,1629156.0,1596024.0,1710258.0,835889.0,709948.0,1098089.0,1082766.2857142857,"0.9458616857142857,0.9458616857142857,1",-0.28099329,51.51786059
238,West Brompton,6098173.0,5609357.0,5213438.0,5200463.0,2391605.0,2734932.0,4421399.0,3653027.714285714,"0.8173486142857143,0.8173486142857143,1",-0.195540834,51.48725695
239,West Finchley,1665191.0,1605581.0,1581383.0,1637337.0,685418.0,705772.0,1196676.0,1058881.0,"0.94705595,0.94705595,1",-0.18846887,51.60948571
240,West Ham,3459634.0,4174658.0,4549177.0,4550687.0,3278813.0,2718754.0,4514604.0,3398099.0,"0.83009505,0.83009505,1",0.005039507,51.52818177
241,West Hampstead,11039789.0,11207001.0,10317092.0,10488823.0,4955039.0,4472941.0,7098774.0,6934238.571428572,"0.6532880714285714,0.6532880714285714,1",-0.19074985,51.54670198
242,West Harrow,1489512.0,1453150.0,1596411.0,1281592.0,690469.0,560543.0,937962.0,931446.7142857143,"0.9534276642857142,0.9534276642857142,1",-0.352920631,51.57977819
243,West Kensington,5060671.0,4964196.0,4583968.0,4871929.0,2096566.0,2028753.0,3611426.0,3165262.5714285714,"0.8417368714285715,0.8417368714285715,1",-0.206477115,51.49049169
244,West Ruislip,1666851.0,1634281.0,1435407.0,1557760.0,694477.0,708681.0,1143714.0,1024902.8571428572,"0.9487548571428571,0.9487548571428571,1",-0.437886437,51.56952886
245,Westbourne Park,3978228.0,3928366.0,4018763.0,4132837.0,2253686.0,1823204.0,3208554.0,2766487.1428571427,"0.8616756428571428,0.8616756428571428,1",-0.200883771,51.52092085
246,Westminster,28378426.0,24219994.0,24497646.0,22560365.0,6463756.0,7699650.0,17981143.0,14774650.57142857,"0.26126747142857143,0.26126747142857143,1",-0.124818265,51.50108458
247,White City,8953281.0,8433511.0,8389590.0,9559843.0,4005703.0,4624537.0,7391603.0,6057826.714285715,"0.6971086642857143,0.6971086642857143,1",-0.224254319,51.51197811
248,Whitechapel,14369235.0,13137261.0,13130309.0,13089592.0,7621990.0,6205116.0,14269347.0,9636230.714285715,"0.5181884642857142,0.5181884642857142,1",-0.059984983,51.51945525
249,Willesden Green,8972604.0,8331012.0,7950840.0,7966014.0,4290015.0,3384122.0,5349685.0,5324526.857142857,"0.7337736571428571,0.7337736571428571,1",-0.222410152,51.54930889
250,Willesden Junction,4728227.0,4453456.0,4984206.0,5129843.0,3994257.0,2631398.0,4412252.0,3657916.0,"0.8171042,0.8171042,1",-0.244288895,51.5321915
251,Wimbledon,13395119.0,11956760.0,11900167.0,12528740.0,7040552.0,7056386.0,11516014.0,8856945.57142857,"0.5571527214285714,0.5571527214285714,1",-0.206381587,51.42138372
252,Wimbledon Park,1893927.0,2074785.0,2155334.0,2149788.0,1140075.0,1053984.0,1703908.0,1468267.7142857143,"0.9265866142857143,0.9265866142857143,1",-0.199595272,51.43446419
253,Wood Green,13204130.0,12202222.0,11447694.0,12133990.0,6578240.0,5433153.0,9117031.0,8130332.857142857,"0.5934833571428572,0.5934833571428572,1",-0.109626381,51.59747603
254,Woodford,5692577.0,5682132.0,5619040.0,5862279.0,2754342.0,2663457.0,4243208.0,3832065.4285714286,"0.8083967285714286,0.8083967285714286,1",0.034037144,51.60703337
255,Woodside Park,2869951.0,3366132.0,4040169.0,4349739.0,1956318.0,2015727.0,3470324.0,2742629.8571428573,"0.8628685071428571,0.8628685071428571,1",-0.185421028,51.61781141
256,New Cross,,2784006.0,2660707.0,2655302.0,1492538.0,1532792.0,2157537.0,1897554.5714285714,"0.9051222714285714,0.9051222714285714,1",-0.032594571,51.4766742
257,New Cross Gate,,6886621.0,5850998.0,5606001.0,2076254.0,2724966.0,4593780.0,3962660.0,"0.801867,0.801867,1",-0.040299579,51.47533738
258,Rotherhithe,,1826741.0,1817189.0,1786036.0,601765.0,860347.0,1384298.0,1182339.4285714286,"0.9408830285714286,0.9408830285714286,1",-0.052180998,51.50100569
259,Surrey Quays,,4926621.0,4742011.0,4873849.0,2084074.0,2939844.0,4280981.0,3406768.5714285714,"0.8296615714285714,0.8296615714285714,1",-0.047514931,51.49319346
260,Wapping,,2481764.0,2512598.0,2548862.0,775518.0,1340834.0,2126986.0,1683794.5714285714,"0.9158102714285714,0.9158102714285714,1",-0.055846251,51.50426828
261,All Saints,,2034156.0,2075415.0,2113995.0,1211243.0,1131935.0,1638762.0,1457929.4285714286,"0.9271035285714285,0.9271035285714285,1",-0.01275175,51.51101008
262,Beckton,,2532056.0,2376180.0,2364126.0,1866578.0,1373476.0,2071330.0,1797678.0,"0.9101161,0.9101161,1",0.060942442,51.51513328
263,Beckton Park,,688907.0,732001.0,508725.0,165824.0,287548.0,486582.0,409941.0,"0.97950295,0.97950295,1",0.054897747,51.50894379
264,Blackwall,,1924981.0,1879514.0,1973374.0,901590.0,1097865.0,1356748.0,1304867.4285714286,"0.9347566285714286,0.9347566285714286,1",-0.007108497,51.50821611
265,Bow Church,,3543715.0,3522329.0,3552013.0,2291713.0,1655934.0,2642011.0,2458245.0,"0.87708775,0.87708775,1",-0.020691424,51.52733311
266,Custom House,,0.0,2242447.0,2205585.0,774342.0,2065445.0,,,"nan,nan,1",0.027684411,51.50954382
267,Cutty Sark,,7430815.0,6747837.0,7083717.0,2561980.0,3920658.0,6426895.0,4881700.285714285,"0.7559149857142857,0.7559149857142857,1",-0.010858773,51.48169437
268,Cyprus,,1888241.0,1859018.0,1993882.0,877612.0,1138664.0,2021485.0,1396986.0,"0.9301507,0.9301507,1",0.06353852,51.50879193
269,Deptford Bridge,,4242465.0,4005170.0,4214301.0,1139053.0,1766459.0,2768033.0,2590783.0,"0.87046085,0.87046085,1",-0.021550621,51.47428472
270,Devons Road,,2372121.0,2468678.0,2624213.0,1418974.0,1447472.0,2171521.0,1786139.857142857,"0.9106930071428572,0.9106930071428572,1",-0.017224616,51.52217508
271,East India,,3662137.0,3637806.0,3878104.0,1703338.0,2333112.0,3976650.0,2741592.4285714286,"0.8629203785714286,0.8629203785714286,1",-0.002748664,51.50904125
272,Elverson Road,,1965251.0,1683418.0,1700793.0,992404.0,884912.0,1345384.0,1224594.5714285714,"0.9387702714285714,0.9387702714285714,1",-0.017467307,51.46881943
273,Gallions Reach,,1405306.0,1484206.0,1416166.0,870533.0,1095624.0,1692208.0,1137720.4285714286,"0.9431139785714285,0.9431139785714285,1",0.072220033,51.50953809
274,Greenwich,,5205602.0,4936188.0,4854886.0,2084916.0,2725047.0,4829043.0,3519383.1428571427,"0.8240308428571429,0.8240308428571429,1",-0.014198817,51.47775782
275,Heron Quays,,8677976.0,7916332.0,8150993.0,2308727.0,3857998.0,5268097.0,5168589.0,"0.74157055,0.74157055,1",-0.021744065,51.50306792
276,Island Gardens,,2898807.0,2716573.0,2708635.0,1328528.0,1514372.0,2191259.0,1908310.5714285714,"0.9045844714285715,0.9045844714285715,1",-0.00948951,51.48667164
277,Mudchute,,2134183.0,2131157.0,2124149.0,1027512.0,1142393.0,1556245.0,1445091.2857142857,"0.9277454357142857,0.9277454357142857,1",-0.015091215,51.49036418
278,Poplar,,4713917.0,4567851.0,4967283.0,1135902.0,825604.0,1170604.0,2483023.0,"0.87584885,0.87584885,1",-0.017228774,51.50748844
279,Prince Regent,,3068336.0,2584885.0,2438593.0,952650.0,1381287.0,1537427.0,1709025.4285714286,"0.9145487285714285,0.9145487285714285,1",0.033295485,51.50932067
280,Pudding Mill Lane,,595193.0,763548.0,855872.0,619028.0,614843.0,2637285.0,869395.5714285715,"0.9565302214285715,0.9565302214285715,1",-0.013174228,51.53440084
281,Royal Albert,,1778768.0,1759509.0,1821951.0,642156.0,798208.0,1343343.0,1163419.2857142857,"0.9418290357142857,0.9418290357142857,1",0.046216594,51.50819634
282,Royal Victoria,,4935448.0,3883072.0,3968052.0,2219789.0,2286632.0,2625546.0,2845505.5714285714,"0.8577247214285715,0.8577247214285715,1",0.018078557,51.50906211
283,South Quay,,5921106.0,6076155.0,6501819.0,1990713.0,2497386.0,3938364.0,3846506.1428571427,"0.8076746928571429,0.8076746928571429,1",-0.019101694,51.50053201
284,Tower Gateway,,4485971.0,4780256.0,4905211.0,1344452.0,2401001.0,3125555.0,3006063.714285714,"0.8496968142857143,0.8496968142857143,1",-0.074530961,51.51056664
285,West India Quay,,1280769.0,1355439.0,1305312.0,296160.0,1329826.0,2805612.0,1196159.7142857143,"0.9401920142857143,0.9401920142857143,1",-0.020148081,51.50663844
286,Westferry,,4999283.0,4953763.0,5266544.0,2579546.0,3049242.0,4170218.0,3574085.1428571427,"0.8212957428571428,0.8212957428571428,1",-0.025791956,51.50943178
